{
  "createdAt": "2025-07-04T08:19:14.626Z",
  "reason": "foundation-uninstall",
  "manifest": {
    "version": "3.0.0",
    "installed": "2025-07-04T08:14:55.396Z",
    "files": [
      "server/routes/foundation-setup.js",
      "foundation/.config/foundation.json",
      "foundation/README.md"
    ],
    "modifications": [
      "Adicionado import foundation-setup",
      "Registrada rota Foundation no servidor"
    ],
    "backup": "/home/runner/workspace/foundation/.installation-backup"
  },
  "originalFiles": [
    "server/routes/foundation-setup.js",
    "foundation/.config/foundation.json",
    "foundation/README.md"
  ],
  "canRestore": true
}