{
  "timestamp": "2025-06-29T07:54:30.139Z",
  "config": {
    "capacity": "micro",
    "projectName": "dueuler-project",
    "description": "Project built with duEuler Foundation",
    "skipDependencies": false,
    "verbose": true
  },
  "results": {
    "directoryStructure": true,
    "packageJson": false,
    "configFiles": false,
    "replitMd": false,
    "dependencies": false,
    "validation": false
  },
  "success": false,
  "foundation": {
    "version": "3.0",
    "features": [
      "redis-cache",
      "queue-system",
      "search-service",
      "push-notifications"
    ]
  }
}