{
  "timestamp": "2025-06-29T03:52:36.447Z",
  "config": {
    "capacity": "enterprise",
    "projectName": "Test-Enterprise-Project",
    "description": "Testing complete template system",
    "skipDependencies": false,
    "verbose": true
  },
  "results": {
    "directoryStructure": true,
    "packageJson": false,
    "configFiles": false,
    "replitMd": false,
    "dependencies": false,
    "validation": false
  },
  "success": false,
  "foundation": {
    "version": "3.0",
    "features": [
      "kubernetes-native",
      "service-mesh",
      "global-load-balancing",
      "data-governance",
      "mlops-complete"
    ]
  }
}