{
  "classification": "COMPATÍVEL",
  "score": 130,
  "maxScore": 100,
  "issues": [
    {
      "severity": "SUCCESS",
      "message": "ES Modules configurado corretamente"
    },
    {
      "severity": "SUCCESS",
      "message": "Script dev encontrado"
    },
    {
      "severity": "SUCCESS",
      "message": "Estrutura de projeto completa"
    },
    {
      "severity": "SUCCESS",
      "message": "Arquivo principal do servidor encontrado"
    },
    {
      "severity": "SUCCESS",
      "message": "Sistema de rotas encontrado"
    },
    {
      "severity": "SUCCESS",
      "message": "Projeto usando ES Modules consistentemente"
    },
    {
      "severity": "SUCCESS",
      "message": "Sistema de rotas Express configurado"
    },
    {
      "severity": "SUCCESS",
      "message": "TypeScript configurado"
    },
    {
      "severity": "SUCCESS",
      "message": "Dependências essenciais instaladas"
    }
  ],
  "recommendations": [
    "✅ Projeto pronto para Foundation",
    "🚀 Executar: foundation-installer para instalação"
  ],
  "requirements": [],
  "analysis": {
    "packageJson": {
      "name": "rest-express",
      "version": "1.0.0",
      "type": "module",
      "license": "MIT",
      "scripts": {
        "dev": "NODE_ENV=development tsx server/index.ts",
        "build": "vite build && esbuild server/index.ts --platform=node --packages=external --bundle --format=esm --outdir=dist",
        "start": "NODE_ENV=production node dist/index.js",
        "check": "tsc",
        "db:push": "drizzle-kit push"
      },
      "dependencies": {
        "@hookform/resolvers": "^3.10.0",
        "@jridgewell/trace-mapping": "^0.3.25",
        "@neondatabase/serverless": "^0.10.4",
        "@radix-ui/react-accordion": "^1.2.4",
        "@radix-ui/react-alert-dialog": "^1.1.7",
        "@radix-ui/react-aspect-ratio": "^1.1.3",
        "@radix-ui/react-avatar": "^1.1.4",
        "@radix-ui/react-checkbox": "^1.1.5",
        "@radix-ui/react-collapsible": "^1.1.4",
        "@radix-ui/react-context-menu": "^2.2.7",
        "@radix-ui/react-dialog": "^1.1.7",
        "@radix-ui/react-dropdown-menu": "^2.1.7",
        "@radix-ui/react-hover-card": "^1.1.7",
        "@radix-ui/react-label": "^2.1.3",
        "@radix-ui/react-menubar": "^1.1.7",
        "@radix-ui/react-navigation-menu": "^1.2.6",
        "@radix-ui/react-popover": "^1.1.7",
        "@radix-ui/react-progress": "^1.1.3",
        "@radix-ui/react-radio-group": "^1.2.4",
        "@radix-ui/react-scroll-area": "^1.2.4",
        "@radix-ui/react-select": "^2.1.7",
        "@radix-ui/react-separator": "^1.1.3",
        "@radix-ui/react-slider": "^1.2.4",
        "@radix-ui/react-slot": "^1.2.0",
        "@radix-ui/react-switch": "^1.1.4",
        "@radix-ui/react-tabs": "^1.1.4",
        "@radix-ui/react-toast": "^1.2.7",
        "@radix-ui/react-toggle": "^1.1.3",
        "@radix-ui/react-toggle-group": "^1.1.3",
        "@radix-ui/react-tooltip": "^1.2.0",
        "@tanstack/react-query": "^5.60.5",
        "@types/bcrypt": "^5.0.2",
        "@types/memoizee": "^0.4.12",
        "bcrypt": "^6.0.0",
        "class-variance-authority": "^0.7.1",
        "clsx": "^2.1.1",
        "cmdk": "^1.1.1",
        "connect-pg-simple": "^10.0.0",
        "date-fns": "^3.6.0",
        "drizzle-orm": "^0.39.1",
        "drizzle-zod": "^0.7.0",
        "embla-carousel-react": "^8.6.0",
        "express": "^4.21.2",
        "express-session": "^1.18.1",
        "framer-motion": "^11.13.1",
        "input-otp": "^1.4.2",
        "lucide-react": "^0.453.0",
        "memoizee": "^0.4.17",
        "memorystore": "^1.6.7",
        "next-themes": "^0.4.6",
        "openid-client": "^6.6.2",
        "passport": "^0.7.0",
        "passport-local": "^1.0.0",
        "react": "^18.3.1",
        "react-day-picker": "^8.10.1",
        "react-dom": "^18.3.1",
        "react-hook-form": "^7.55.0",
        "react-icons": "^5.4.0",
        "react-resizable-panels": "^2.1.7",
        "recharts": "^2.15.2",
        "tailwind-merge": "^2.6.0",
        "tailwindcss-animate": "^1.0.7",
        "tw-animate-css": "^1.2.5",
        "uuid": "^11.1.0",
        "vaul": "^1.1.2",
        "wouter": "^3.3.5",
        "ws": "^8.18.0",
        "zod": "^3.24.2",
        "zod-validation-error": "^3.4.0"
      },
      "devDependencies": {
        "@replit/vite-plugin-cartographer": "^0.2.7",
        "@replit/vite-plugin-runtime-error-modal": "^0.0.3",
        "@tailwindcss/typography": "^0.5.15",
        "@tailwindcss/vite": "^4.1.3",
        "@types/connect-pg-simple": "^7.0.3",
        "@types/express": "4.17.21",
        "@types/express-session": "^1.18.0",
        "@types/node": "20.16.11",
        "@types/passport": "^1.0.16",
        "@types/passport-local": "^1.0.38",
        "@types/react": "^18.3.11",
        "@types/react-dom": "^18.3.1",
        "@types/ws": "^8.5.13",
        "@vitejs/plugin-react": "^4.3.2",
        "autoprefixer": "^10.4.20",
        "drizzle-kit": "^0.30.4",
        "esbuild": "^0.25.0",
        "postcss": "^8.4.47",
        "tailwindcss": "^3.4.17",
        "tsx": "^4.19.1",
        "typescript": "5.6.3",
        "vite": "^5.4.19"
      },
      "optionalDependencies": {
        "bufferutil": "^4.0.8"
      }
    },
    "projectStructure": {
      "requiredDirs": [
        "server",
        "client",
        "shared"
      ],
      "foundDirs": [
        "server",
        "client",
        "shared"
      ],
      "missingDirs": []
    },
    "serverFiles": [
      "server/index.ts",
      "server/routes.ts"
    ],
    "moduleSystem": {
      "type": "ES_MODULES",
      "hasESImports": true,
      "hasCommonJSRequire": false
    },
    "routeSystem": {
      "type": "REGISTER_FUNCTION",
      "hasRegisterRoutes": true,
      "usesExpress": true
    },
    "typescript": {
      "configured": true,
      "config": {
        "compilerOptions": {
          "target": "es5",
          "lib": [
            "dom",
            "dom.iterable",
            "es6"
          ],
          "allowJs": true,
          "skipLibCheck": true,
          "esModuleInterop": true,
          "allowSyntheticDefaultImports": true,
          "strict": true,
          "forceConsistentCasingInFileNames": true,
          "noFallthroughCasesInSwitch": true,
          "module": "esnext",
          "moduleResolution": "node",
          "resolveJsonModule": true,
          "isolatedModules": true,
          "noEmit": true,
          "jsx": "react-jsx",
          "baseUrl": ".",
          "paths": {
            "@/*": [
              "client/src/*"
            ],
            "@shared/*": [
              "shared/*"
            ]
          }
        },
        "include": [
          "client/src",
          "shared",
          "server"
        ],
        "exclude": [
          "foundation/**/*",
          "node_modules"
        ]
      }
    },
    "dependencies": {
      "installed": [
        "@hookform/resolvers",
        "@jridgewell/trace-mapping",
        "@neondatabase/serverless",
        "@radix-ui/react-accordion",
        "@radix-ui/react-alert-dialog",
        "@radix-ui/react-aspect-ratio",
        "@radix-ui/react-avatar",
        "@radix-ui/react-checkbox",
        "@radix-ui/react-collapsible",
        "@radix-ui/react-context-menu",
        "@radix-ui/react-dialog",
        "@radix-ui/react-dropdown-menu",
        "@radix-ui/react-hover-card",
        "@radix-ui/react-label",
        "@radix-ui/react-menubar",
        "@radix-ui/react-navigation-menu",
        "@radix-ui/react-popover",
        "@radix-ui/react-progress",
        "@radix-ui/react-radio-group",
        "@radix-ui/react-scroll-area",
        "@radix-ui/react-select",
        "@radix-ui/react-separator",
        "@radix-ui/react-slider",
        "@radix-ui/react-slot",
        "@radix-ui/react-switch",
        "@radix-ui/react-tabs",
        "@radix-ui/react-toast",
        "@radix-ui/react-toggle",
        "@radix-ui/react-toggle-group",
        "@radix-ui/react-tooltip",
        "@tanstack/react-query",
        "@types/bcrypt",
        "@types/memoizee",
        "bcrypt",
        "class-variance-authority",
        "clsx",
        "cmdk",
        "connect-pg-simple",
        "date-fns",
        "drizzle-orm",
        "drizzle-zod",
        "embla-carousel-react",
        "express",
        "express-session",
        "framer-motion",
        "input-otp",
        "lucide-react",
        "memoizee",
        "memorystore",
        "next-themes",
        "openid-client",
        "passport",
        "passport-local",
        "react",
        "react-day-picker",
        "react-dom",
        "react-hook-form",
        "react-icons",
        "react-resizable-panels",
        "recharts",
        "tailwind-merge",
        "tailwindcss-animate",
        "tw-animate-css",
        "uuid",
        "vaul",
        "wouter",
        "ws",
        "zod",
        "zod-validation-error",
        "@replit/vite-plugin-cartographer",
        "@replit/vite-plugin-runtime-error-modal",
        "@tailwindcss/typography",
        "@tailwindcss/vite",
        "@types/connect-pg-simple",
        "@types/express",
        "@types/express-session",
        "@types/node",
        "@types/passport",
        "@types/passport-local",
        "@types/react",
        "@types/react-dom",
        "@types/ws",
        "@vitejs/plugin-react",
        "autoprefixer",
        "drizzle-kit",
        "esbuild",
        "postcss",
        "tailwindcss",
        "tsx",
        "typescript",
        "vite"
      ],
      "required": [
        "express",
        "typescript"
      ],
      "recommended": [
        "vite",
        "react",
        "drizzle-orm"
      ]
    },
    "existingFoundation": {
      "installed": false,
      "hasDirectory": true
    }
  },
  "scorePercentage": 130
}