{
  "createdAt": "2025-07-04T08:41:45.918Z",
  "reason": "foundation-uninstall",
  "manifest": {
    "version": "3.0.0",
    "installed": "2025-07-04T08:35:46.691Z",
    "files": [
      "server/routes/foundation-setup.js",
      "foundation/.config/foundation.json",
      "foundation/README.md"
    ],
    "modifications": [
      "Adicionado import foundation-setup",
      "client/src/App.tsx (detecção Foundation)"
    ],
    "backup": "/home/runner/workspace/foundation/.installation-backup",
    "warnings": []
  },
  "originalFiles": [
    "server/routes/foundation-setup.js",
    "foundation/.config/foundation.json",
    "foundation/README.md"
  ],
  "canRestore": true
}